slug,title,section,section_slug,site_url,description
"foundations-of-knowledge-architecture","Foundations of Knowledge Architecture","Foundations and Core Architecture","01-foundations-and-core-architecture","https://sustainablecatalyst.com/foundations-of-knowledge-architecture/","An opening article on why complex information requires frameworks, classification, conceptual relationships, and structural governance."
"what-is-knowledge-architecture","What Is Knowledge Architecture?","Foundations and Core Architecture","01-foundations-and-core-architecture","https://sustainablecatalyst.com/what-is-knowledge-architecture/","A field overview defining knowledge architecture as the design of intellectual systems that organize concepts, relationships, and research pathways."
"conceptual-frameworks-in-research","Conceptual Frameworks in Research","Foundations and Core Architecture","01-foundations-and-core-architecture","https://sustainablecatalyst.com/conceptual-frameworks-in-research/","An article on how frameworks structure interpretation, define relationships, guide inquiry, and support cumulative research."
"research-frameworks-and-analytical-models","Research Frameworks and Analytical Models","Foundations and Core Architecture","01-foundations-and-core-architecture","https://sustainablecatalyst.com/research-frameworks-and-analytical-models/","A treatment of the models, matrices, diagrams, and conceptual structures used to organize research questions and analytical pathways."
"taxonomy-design-for-knowledge-systems","Taxonomy Design for Knowledge Systems","Taxonomies, Hierarchies, Ontologies, and Semantic Structure","02-taxonomies-hierarchies-ontologies-and-semantic-structure","https://sustainablecatalyst.com/taxonomy-design-for-knowledge-systems/","An article on category logic, controlled vocabularies, hierarchical classification, scalability, and taxonomy governance."
"hierarchical-knowledge-structures","Hierarchical Knowledge Structures","Taxonomies, Hierarchies, Ontologies, and Semantic Structure","02-taxonomies-hierarchies-ontologies-and-semantic-structure","https://sustainablecatalyst.com/hierarchical-knowledge-structures/","A study of abstraction levels, parent-child relationships, pillar pages, subdomains, and navigational depth."
"ontologies-and-semantic-networks","Ontologies and Semantic Networks","Taxonomies, Hierarchies, Ontologies, and Semantic Structure","02-taxonomies-hierarchies-ontologies-and-semantic-structure","https://sustainablecatalyst.com/ontologies-and-semantic-networks/","An article on formal entities, properties, relationships, semantic modeling, and machine-readable conceptual structure."
"knowledge-graphs-and-semantic-relationships","Knowledge Graphs and Semantic Relationships","Taxonomies, Hierarchies, Ontologies, and Semantic Structure","02-taxonomies-hierarchies-ontologies-and-semantic-structure","https://sustainablecatalyst.com/knowledge-graphs-and-semantic-relationships/","A treatment of nodes, edges, triples, entity relationships, graph centrality, semantic links, and knowledge navigation."
"knowledge-mapping-and-conceptual-models","Knowledge Mapping and Conceptual Models","Taxonomies, Hierarchies, Ontologies, and Semantic Structure","02-taxonomies-hierarchies-ontologies-and-semantic-structure","https://sustainablecatalyst.com/knowledge-mapping-and-conceptual-models/","An article on mapping fields, identifying knowledge gaps, visualizing relationships, and building conceptual models for interdisciplinary research."
"information-architecture-vs-knowledge-architecture","Information Architecture vs. Knowledge Architecture","Information Architecture, Digital Platforms, and Research Infrastructure","03-information-architecture-digital-platforms-and-research-infrastructure","https://sustainablecatalyst.com/information-architecture-vs-knowledge-architecture/","A comparative article distinguishing navigation, labeling, and findability from deeper conceptual and semantic structure."
"digital-knowledge-platforms","Digital Knowledge Platforms","Information Architecture, Digital Platforms, and Research Infrastructure","03-information-architecture-digital-platforms-and-research-infrastructure","https://sustainablecatalyst.com/digital-knowledge-platforms/","A study of websites, repositories, knowledge bases, research platforms, and digital environments that organize complex knowledge systems."
"knowledge-systems-in-research-institutions","Knowledge Systems in Research Institutions","Information Architecture, Digital Platforms, and Research Infrastructure","03-information-architecture-digital-platforms-and-research-infrastructure","https://sustainablecatalyst.com/knowledge-systems-in-research-institutions/","An article on how universities, think tanks, laboratories, public agencies, and research centers structure institutional knowledge."
"intellectual-infrastructure-for-research-platforms","Intellectual Infrastructure for Research Platforms","Information Architecture, Digital Platforms, and Research Infrastructure","03-information-architecture-digital-platforms-and-research-infrastructure","https://sustainablecatalyst.com/intellectual-infrastructure-for-research-platforms/","A treatment of metadata, documentation, indexing, versioning, internal linking, reproducibility, and research-platform governance."
"knowledge-architecture-in-digital-libraries","Knowledge Architecture in Digital Libraries","Information Architecture, Digital Platforms, and Research Infrastructure","03-information-architecture-digital-platforms-and-research-infrastructure","https://sustainablecatalyst.com/knowledge-architecture-in-digital-libraries/","An article on cataloging, classification, controlled vocabularies, archives, digital collections, and long-term discoverability."
"structuring-interdisciplinary-knowledge","Structuring Interdisciplinary Knowledge","Interdisciplinary Research, Systems, Sustainability, and Governance","04-interdisciplinary-research-systems-sustainability-and-governance","https://sustainablecatalyst.com/structuring-interdisciplinary-knowledge/","An article on how knowledge architecture supports translation across fields while preserving disciplinary distinctions."
"knowledge-architecture-in-sustainability-science","Knowledge Architecture in Sustainability Science","Interdisciplinary Research, Systems, Sustainability, and Governance","04-interdisciplinary-research-systems-sustainability-and-governance","https://sustainablecatalyst.com/knowledge-architecture-in-sustainability-science/","A treatment of how ecological, economic, governance, ethical, technological, and social knowledge can be organized into integrated sustainability frameworks."
"framework-design-in-policy-research","Framework Design in Policy Research","Interdisciplinary Research, Systems, Sustainability, and Governance","04-interdisciplinary-research-systems-sustainability-and-governance","https://sustainablecatalyst.com/framework-design-in-policy-research/","An article on structuring policy evidence, stakeholder categories, causal assumptions, implementation pathways, and decision frameworks."
"conceptual-modeling-in-complex-systems","Conceptual Modeling in Complex Systems","Interdisciplinary Research, Systems, Sustainability, and Governance","04-interdisciplinary-research-systems-sustainability-and-governance","https://sustainablecatalyst.com/conceptual-modeling-in-complex-systems/","A systems-oriented article on representing feedback, interdependence, scale, uncertainty, and causal complexity."
"knowledge-systems-and-decision-making","Knowledge Systems and Decision-Making","Interdisciplinary Research, Systems, Sustainability, and Governance","04-interdisciplinary-research-systems-sustainability-and-governance","https://sustainablecatalyst.com/knowledge-systems-and-decision-making/","A study of how structured knowledge supports strategic, scientific, institutional, and public decision-making."
"knowledge-architecture-in-governance-systems","Knowledge Architecture in Governance Systems","Interdisciplinary Research, Systems, Sustainability, and Governance","04-interdisciplinary-research-systems-sustainability-and-governance","https://sustainablecatalyst.com/knowledge-architecture-in-governance-systems/","An article on how public institutions organize evidence, rules, policy domains, accountability structures, and administrative memory."
"knowledge-architecture-and-systems-thinking","Knowledge Architecture and Systems Thinking","Interdisciplinary Research, Systems, Sustainability, and Governance","04-interdisciplinary-research-systems-sustainability-and-governance","https://sustainablecatalyst.com/knowledge-architecture-and-systems-thinking/","A bridge article connecting knowledge maps, system boundaries, feedback, hierarchy, network structure, and interdisciplinary synthesis."
"designing-knowledge-systems-for-education","Designing Knowledge Systems for Education","Education, AI, Collaboration, and Future Knowledge Platforms","05-education-ai-collaboration-and-future-knowledge-platforms","https://sustainablecatalyst.com/designing-knowledge-systems-for-education/","An article on learning pathways, curriculum architecture, prerequisite structures, concept sequencing, and educational knowledge maps."
"ai-and-knowledge-organization","AI and Knowledge Organization","Education, AI, Collaboration, and Future Knowledge Platforms","05-education-ai-collaboration-and-future-knowledge-platforms","https://sustainablecatalyst.com/ai-and-knowledge-organization/","A critical article on how AI systems depend on structured knowledge, metadata, ontologies, retrieval systems, and human-governed interpretation."
"knowledge-systems-and-scientific-collaboration","Knowledge Systems and Scientific Collaboration","Education, AI, Collaboration, and Future Knowledge Platforms","05-education-ai-collaboration-and-future-knowledge-platforms","https://sustainablecatalyst.com/knowledge-systems-and-scientific-collaboration/","A treatment of shared repositories, research networks, collaborative annotation, reproducible infrastructure, and interdisciplinary coordination."
"future-knowledge-platforms","Future Knowledge Platforms","Education, AI, Collaboration, and Future Knowledge Platforms","05-education-ai-collaboration-and-future-knowledge-platforms","https://sustainablecatalyst.com/future-knowledge-platforms/","A forward-looking article on semantic platforms, AI-assisted research environments, dynamic knowledge graphs, and public knowledge infrastructures."
"designing-scalable-knowledge-systems","Designing Scalable Knowledge Systems","Education, AI, Collaboration, and Future Knowledge Platforms","05-education-ai-collaboration-and-future-knowledge-platforms","https://sustainablecatalyst.com/designing-scalable-knowledge-systems/","A capstone-style article on growth, governance, category drift, architecture maintenance, platform scale, and long-term coherence."
