concept_id,label,concept_type,domain,definition,status
knowledge_mapping,Knowledge Mapping,method,knowledge_architecture,Representing concepts relationships evidence pathways and gaps so a knowledge system can be reviewed and improved,active
conceptual_model,Conceptual Model,model,research_design,A structured representation of how a domain problem or inquiry is understood,active
taxonomy,Taxonomy,structure,classification,A controlled classification structure for categories and concepts,active
ontology,Ontology,structure,semantics,A formal model of entities classes properties and relationships,active
knowledge_graph,Knowledge Graph,structure,semantics,A graph representation of knowledge objects and typed semantic relationships,active
metadata,Metadata,context,infrastructure,Structured contextual information supporting retrieval provenance and governance,active
evidence_map,Evidence Map,evidence,research_methods,A map connecting claims concepts methods and sources to evidence,active
repository,Repository,artifact,reproducibility,A structured folder of code data documentation and outputs supporting reproducible work,active
ai_retrieval,AI-Assisted Retrieval,application,ai_systems,Retrieval workflows that use structured knowledge to ground AI-assisted outputs,active
